"Cochran, Bond, Gregg, Martinez, McConnel"
"Baucus, Snowe"
"Baucus, Snowe"
"Lieberman, Hoyer, Diaz-Balart"
"Lieberman, Hoyer, Diaz-Balart"
"Lieberman, Hoyer, Diaz-Balart"
"Cochran, Bond, Gregg, Martinez, McConnel"
"Cochran, Bond, Gregg, Martinez, McConnel"
"Cochran, Bond, Gregg, Martinez, McConnel"
"Cochran, Bond, Gregg, Martinez, McConnel"
"Cochran, Bond, Gregg, Martinez, McConnel"
"Cochran, Bond, Gregg, Martinez, McConnel"
"Cochran, Bond, Gregg, Martinez, McConnel"
"Cochran, Bond, Gregg, Martinez, McConnel"
"Cochran, Bond, Gregg, Martinez, McConnel"
"Mitch McConnell (R-KY), Jon Kyl (R-AZ) a"
"Mitch McConnell (R-KY), Jon Kyl (R-AZ) a"
"Mitch McConnell (R-KY), Jon Kyl (R-AZ) a"
"Hagel, Isakson, Martinez"
"Hagel, Isakson, Martinez"
"Hagel, Isakson, Martinez"
"Collins, Susan"
"Ensign, John"
"Coleman, Norm"
"Chambliss, Saxby"
"Murkowski, Lisa"
"Cornyn, John"
"Thune, John"
"Roberts, Pat"
"Sessions, Jeff"
"Martinez, Mel"
"Kyl, Jon"
"Hinojosa, Ruben"
"Sires, Albio"
"Sanchez, Linda"
"Joshua D. Odintz, Esq."
"Michael F Mundaca, Esq."
"Allen Huffman, Esq."
"John Harrington, Esq."
"Stephen R. Larson, Esq."
"Robert L. Roach, Esq."
"Joshua D. Odintz, Esq."
"Robert L. Roach, Esq."
"Allen C. Huffman, Esq."
"Joe Huddleston, Esq."
"John Harrington, Esq."
"Kase Jubboori, Esq."
"Aruna Kalyanam, Esq."
"Ahron Friedman, Esq."
"Timothy R. Terry, Esq."
"Robert L. Roach, Esq."
"Ryan McCormick, Esq."
"Allen Huffman, Esq."
"Joshua D. Odintz, Esq."
"Gregory S. Matson, Esq."
"Robert L. Roach, Esq."
"Edward Kleinbard, Esq."
"Robert L. Roach, Esq."
"Allen Huffman, Esq."
"Joshua D. Odintz, Esq."
"Allen Huffman, Esq."
"Joshua D. Odintz, Esq."
"John Harrington, Esq."
"Suleyman, Goyce"
"Bruce E. Bechtol, Jr"
"George Tagg, Jr."
"George Tagg, Jr."
"George Tagg, Jr."
"Bachus, Rogers, Aderholt"
"Barzani, Talabani"
"Robinsons, Duddy"
"Russ Feingold (D-WI), Kay Hutchison (R-TX), John Thune (R-SD), and George Voinovich (R-OH)"
"Richard Burr (R-NC), Lindsey Graham (R-SC), and Dave Vitter (R-LA)"
"Rosenblatt, Hordes, Mariaschin, Danziger"
"Jacobs, Pollak"
"Hordes, Rosenblatt, Mucznik, Johnston, Neumann, London, Berger, Isaacson, Susskind, Gilson, Daroff"
"Forman, Brooks"
"J. Michael Farrell, Esq."
"Ken Myers, III"
"Ken Myers, III"
"Ken Myers, III"
"Ken Myers, III"
"Satellite, The"
"Radio, The"
"Economist, The"
"Wexler, Jackson"
"James Sturgis, Jr"
"James Sturgis, Jr"
"Rockefeller, Nelson, Wyden, Stabenow, Hatch, Crapo, Bunning"
"Bart Tubalinal, Jr."
"Nicholas A. Wyatt, Esq."
"Ryan McCormick, Esq."
"Kase W. Jubboori, Esq."
"Melissa Mueller, Esq."
"Jeffrey Ziarko, Esq."
"Aruna Kalyanam, Esq."
"Robert L. Roach, Esq."
"Ross K. Kirschner, Esq."
"Allen Huffman, Esq."
"Aharon J. Friedman, Esq."
"Joe Huddleston, Esq."
"Gregory S. Matson, Esq."
"Manal S. Corwin, Esq."
"Aharon Friedman, Esq"
"Jeffrey Ziarko, Esq."
"Melissa Mueller, Esq."
"Robert L. Roach, Esq."
"Joe Huddleston, LL.D"
"Gary W. Sutton, Esq."
"Aharon Friedman, Esq."
"Jeffrey Ziarko, Esq."
"Babback Sabahi, Esq."
"Elizabeth Jacobs, Esq."
"Kevin Livingston, Esq."
"Kristeen Witt, Esq."
"Cynthia LaFuente, Esq."
"Michael J. Liker, Esq."
"Brion D. Graber, Esq."
"Douglas W. O'Donnell, CPA"
"Aharon Friedman, Esq."
"Babback Sabahi, Esq."
"Elizabeth Jackobs, Esq."
"Jeffrey Ziarko, Esq."
"Ted Poe (R-TX), Ed Royce (R-CA), and Virginia Foxx (R-NC)"
"Mike Pence (R-IN), Elton Gallegly (R-CA), Connie Mack (R-FL), Bob Inglis (R-SC), Roy Blunt (R-MO), R"
"John Boozman (R-AR), Gresham Barrett (R-SC), Dan Burton (R-IN), and Jeff Flake (R-AZ)"
"Greg Meeks (D-NY), Keith Ellison (D-MN), Sheila Jackson Lee (D-TX), Barbara Lee (D-CA), Carolyn Kilp"
"Ruan, ZongZe"
"Hong, Joon-Beom"
"Raymond A. Scott, M.P.H."
"Mickey Freeland, Sr."
"David Davis, Sr."
"David Davis, Sr."
"Robert Boland, Sr."
"Murphy, PA"
"Rep. Charles Boustany, Jr."
"Kendrick Meek, FL"
"Shelia Smoot, AL-7"
"Haley Barbour (R-MS), Mitch Daniels (R-IN), and Tim Pawlenty (R-MN)"
"Robert Bennett (R-UT), Thad Cochran (R-MS), Kay Hutchison (R-TX), and Jon Kyl (R-AZ)"
"Jeff Sessions (R-AL), Jim Webb (D-VA) and Roger Wicker (R-MS)"
"John Barrasso (R-WY), George LeMieux (R-FL), Susan Collins (R-ME), Lindsay Graham (R-SC)"
"George Tagg, Jr."
"J. Paul, et al."
"Cameron Werker, Sr."
"Bilefsky, Dan"
"Pancevski, Bojan"
"Pancevski, Bojan"
"Pancevski, Bojan"
"Kelly, Jason"
"Kelly, Jason"
"Dreazen, Yochi"
"Kelly, Jason"
"Kelly, Jason"
"Karnitschnig, Matthew"
"Karnitschnig, Matthew"
"Kelly, Jason"
"Lucas, Edward"
"Kelly, Jason"
"Kelly, Jason"
"Lucas, Edward"
"Kelly, Jason"
"Kelly, Jason"
"Lucas, Edward"
"Karnitschnig, Matthew"
"Karnitschnig, Matthew"
"Kelly, Jason"
"Lucas, Edward"
"Lucas, Edward"
"Gamble, Hadley"
"Kelly, Jason"
"Kelly, Jason"
"Gamble, Hadley"
"Kelly, Jason"
"Kelly, Jason"
"Kelly, Jason"
"Kelly, Jason"
"Kelly, Jason"
"Kelly, Jason"
"Kelly, Jason"
"Karnitschnig, Matthew"
"Karnitschnig, Matthew"
"Kelly, Jason"
"Karnitschnig, Matthew"
"Karnitschnig, Matthew"
"Kelly, Jason"
"Lucas, Edward"
"Karnitschnig, Matthew"
"Kelly, Jason"
"Karnitschnig, Matthew"
"Kelly, Jason"
"Kelly, Jason"
"Kelly, Jason"
"Kelly, Jason"
"Kelly, Jason"
"Gamble, Hadley"
"Kelly, Jason"
"Kelly, Jason"
"Savu, Irina"
"Bernard Parks (Los Angeles, CA)"
"David Coss (Santa Fe, NM)"
"Sandra Hutchens (Orange County, CA)"
"Oscar Goodman (Las Vegas, NV)"
"Reed (San Jose, CA)"
"Ken Myers, Jr."
"Jesse Jackson, Jr."
"Jesse Jackson, Jr."
"Jesse Jackson, Jr."
"Lisa, Subrize"
"Kenneth Myers, Jr."
"Thomas A. Shannon, Jr."
"Thomas A. Shannon, Jr."
"Thomas A. Shannon, Jr."
"James B. Greene, Jr."
"Kenny Myers, III"
"Kenny Myeers, III"
"Kenny Myeers, III"
"Kenny Myers, III"
"Kenny Meyers, III"
"Doug Campbell,"
"Delahunt, Bill"
"Hagel, Chuck"
"Mike Crapo, R-ID"
"Gene Green, D-TX"
"Jerry Weller, R-IL"
"Maurice Hinchey, D-NY"
"Jim McDermot, D-WA"
"Kenneth A. Myers, Jr."
"Margaret, Victor"
"Shung, Janeens"
"Gideon, Alizo"
"Gideon, Alizo"
"Gideon, Alizo"
"Atem, Alizo"
"Atem, Alizo, Swoto"
"Hagel, Isakson, Martinez"
"Wanda Rubianes, Sr."
"Mitch McConnell (R-KY), Jon Kyl (R-AZ) a"
"Kenny Myers, III"
"PKenny Myers, III"
"Kenny Myers, III"
"Lieberman, Hoyer, Diaz-Balart"
"Cochran, Bond, Gregg, Martinez, McConnel"
"Putnam, Cosca"
"Baucus, Snowe"
"Robert L. Roach, Esq"
"Michael F Mundaca, Esq."
"Allen Huffman, Esq."
"Ian Solomon, Esq."
"John Harrington, Esq."
"Robert L. Roach, Esq"
"Joshua D. Odintz, Esq."
"Michael F Mundaca, Esq."
"Allen Huffman, Esq."
"Ian Solomon, Esq."
"Christopher L. Javens, Esq."
"Robert L. Roach, Esq"
"Kase W. Juboori, Esq."
"Aruna Kalyanam, Esq."
"Christopher L. Javens, Esq."
"Dennis Shaul, Esq."
"Ian Solomon, Esq."
"Allen Huffman, Esq."
"Allen J. Littman, Esq."
"Brion D. Graber, Esq."
"Christopher A. Gerke, Esq."
"Edward D. Kleinbard, Esq."
"Ken Myers, III"
"Ken Myers, III"
"Ken Myers, III"
"Ken Myers, III"
"James Sturgis, JR"
"Andrea Miller, Shambala Sun"
"Michael Moris, Kevin And Yodon"
"Kevin, Yodon and Ray"
"Hiroaki Ishii, Naoyuki Hasegawa"
"Jeff Hammarlund, Chenyi Chiu, Stephen G Eichenlaub, Tim Van Slambrouck"
"Makoto Abe, Matt Stephens, Jun Nagamine"
"Mr. Kenichi Mori, Mr. Sushi Kamioka"
"Mr. Shigeni Kimura, Mr. Katsuo Suki"
"Mr. Kenneth Charhut, Kate Wenc, Hidetaka Oishi, Dr. Kazumasa Takeuchi, Taku Sato"
"Mr. Don Murphy, Jason Hoffs, Roy Lee"
"Rachel Yousey, Ann Karl, Erik Martini, Kelly Tucker, Lisa Korte, Mollie Davis, and Stuart Crampton"
"Mr. Kapil Gupta, Mr. Patrick Fischer"
"Brad Bare, Mac Campbell and Paul Wolfe"
"Bob Manogue, Clayton Hays, Deena Magnall"
"William Craft, Clayton Hays"
"Laura Ringdahl, Elizabeth Mortenson"
"Mr. Kapli Gupta, Mr. Patrick Fischer"
"Brad Bare, Mac Campbell and Paul Wolfe"
"Bob Manogue, Clayton Hays, Deena Magnall"
"William Craft, Clayton Hays"
"Laura Ringdahl, Elizabeth Mortenson"
"Manal S. Corwin, Esq."
"Gregory S. Matson, Esq."
"Joe Huddleston, Esq."
"Aharon J. Friedman, Esq."
"Allen Huffman, Esq."
"Ross K. Kirschner, Esq."
"Robert L. Roach, Esq."
"Aruna Kalyanam, Esq."
"Jeffrey Ziarko, Esq."
"Melissa Mueller, Esq."
"Kase W. Jubboori, Esq."
"Ryan McCormick, Esq."
"Nicholas A. Wyatt, Esq."
"Jeffrey Ziarko, Esq."
"Elizabeth Jackobs, Esq."
"Babback Sabahi, Esq."
"Aharon Friedman, Esq."
"Douglas W. O'Donnell, CPA"
"Brion D. Graber, Esq."
"Michael J. Liker, Esq."
"Cynthia LaFuente, Esq."
"Kristeen Witt, Esq."
"Kevin Livingston, Esq."
"Elizabeth Jacobs, Esq."
"Babback Sabahi, Esq."
"Jeffrey Ziarko, Esq."
"Aharon Friedman, Esq."
"Gary W. Sutton, Esq."
"Joe Huddleston, LL.D"
"Robert L. Roach, Esq."
"Melissa Mueller, Esq."
"Jeffrey Ziarko, Esq."
"Aharon Friedman, Esq"
"Scott Tranter, LA"
